[
  {
    "القسم الفني": "الاعمال المدنية",
    "عدد الطلبات": 343,
    "عدد المنجزة": 295,
    "نسبة الإنجاز": 0.87
  },
  {
    "القسم الفني": "الميكانيكا",
    "عدد الطلبات": 491,
    "عدد المنجزة": 283,
    "نسبة الإنجاز": 0.58
  },
  {
    "القسم الفني": "الكهرباء",
    "عدد الطلبات": 332,
    "عدد المنجزة": 277,
    "نسبة الإنجاز": 0.84
  },
  {
    "القسم الفني": "فحص الجسور",
    "عدد الطلبات": 16,
    "عدد المنجزة": 11,
    "نسبة الإنجاز": 0.6900000000000001
  },
  {
    "القسم الفني": "الصحة والسلامة",
    "عدد الطلبات": 135,
    "عدد المنجزة": 51,
    "نسبة الإنجاز": 0.38
  },
  {
    "القسم الفني": "الإجمالي",
    "عدد الطلبات": 1317,
    "عدد المنجزة": 917,
    "نسبة الإنجاز": 0.7
  }
]